{
  "model_type": "CNN",
  "training_time": 0.000988006591796875,
  "training_logs": {
    "epoch": [
      1,
      2,
      3,
      4,
      5,
      6,
      7,
      8,
      9,
      10,
      11,
      12,
      13,
      14,
      15,
      16,
      17,
      18,
      19,
      20
    ],
    "loss": [
      1.0748357076505617,
      0.869043172880206,
      0.8956970393889157,
      0.6948214297584203,
      0.6560285860629255,
      0.6159521515144796,
      0.4705114899904787,
      0.4334702261538273,
      0.3938556544947227,
      0.3533035420760068,
      0.320731813522117,
      0.2961624775665543,
      0.33989624500458737,
      0.4169623165054842,
      0.29713411442745424,
      0.19440503496242253,
      0.20861421941248184,
      0.1637458841669595,
      0.17663886145047683,
      0.2311660285230066
    ],
    "accuracy": [
      0.5,
      0.5475041277891792,
      0.5927684205080664,
      0.5989453562795968,
      0.5994486642074223,
      0.6321809800660362,
      0.656425632513939,
      0.7160527024507742,
      0.7234606473841925,
      0.7553204328455103,
      0.7867688847891122,
      0.7613955842219362,
      0.7474875709486292,
      0.8049537081641784,
      0.7926064854161435,
      0.7646598773335372,
      0.8237750953915638,
      0.8108870387592086,
      0.8253437971801648,
      0.8351998979681349
    ],
    "training_time": [
      1.0928195112338395,
      0.8624087753891198,
      0.8082388045084822,
      0.8733656186386392,
      0.9727811068983746,
      0.8558013589580824,
      0.982432046802659,
      1.0056975900627103,
      1.04302199387642,
      0.8390848196473534,
      0.8488212544023891,
      1.163733167621674,
      0.9246884835516092,
      0.8739455969074764,
      0.8354022460295081,
      0.9085427121510867,
      0.9123769033164807,
      1.1208818917431442,
      0.8022119462909694,
      1.0916059666579232
    ]
  },
  "evaluation_results": {
    "model_name": "CNN Baseline",
    "accuracy": 0.815,
    "precision": 0.8526315789473684,
    "recall": 0.7788461538461539,
    "f1_score": 0.814070351758794,
    "true_positives": 81,
    "true_negatives": 82,
    "false_positives": 14,
    "false_negatives": 23,
    "energy_per_sample": 2.9802005874623667,
    "avg_processing_time": 0.014901002937311834,
    "model_size_mb": 41.01197052001953,
    "total_parameters": 10751042,
    "predictions": [
      1,
      0,
      1,
      0,
      1,
      0,
      1,
      1,
      1,
      0,
      0,
      1,
      1,
      1,
      0,
      1,
      0,
      1,
      1,
      0,
      0,
      0,
      0,
      0,
      1,
      1,
      0,
      0,
      1,
      1,
      1,
      0,
      1,
      0,
      0,
      0,
      1,
      1,
      0,
      0,
      0,
      0,
      1,
      0,
      0,
      0,
      1,
      1,
      0,
      0,
      1,
      0,
      0,
      0,
      0,
      0,
      0,
      0,
      0,
      1,
      1,
      0,
      1,
      1,
      0,
      0,
      0,
      0,
      0,
      1,
      1,
      0,
      0,
      1,
      0,
      0,
      0,
      0,
      1,
      1,
      1,
      0,
      1,
      0,
      0,
      0,
      0,
      1,
      0,
      0,
      1,
      0,
      1,
      0,
      1,
      1,
      1,
      1,
      0,
      0,
      1,
      0,
      0,
      1,
      1,
      0,
      1,
      0,
      1,
      1,
      1,
      1,
      0,
      0,
      0,
      1,
      1,
      0,
      1,
      1,
      1,
      1,
      1,
      1,
      0,
      1,
      1,
      1,
      0,
      1,
      1,
      1,
      0,
      1,
      0,
      0,
      0,
      0,
      0,
      0,
      1,
      0,
      1,
      0,
      0,
      0,
      1,
      0,
      0,
      1,
      0,
      1,
      0,
      0,
      0,
      1,
      1,
      1,
      1,
      1,
      1,
      0,
      1,
      0,
      0,
      0,
      1,
      0,
      0,
      0,
      0,
      1,
      1,
      1,
      0,
      1,
      0,
      1,
      1,
      1,
      1,
      0,
      0,
      1,
      0,
      0,
      0,
      1,
      0,
      1,
      1,
      1,
      1,
      1,
      1,
      0,
      0,
      0,
      0,
      1
    ],
    "true_labels": [
      1,
      0,
      1,
      0,
      1,
      0,
      0,
      1,
      1,
      0,
      0,
      1,
      1,
      1,
      0,
      1,
      0,
      0,
      1,
      0,
      0,
      0,
      0,
      0,
      1,
      0,
      1,
      0,
      1,
      1,
      1,
      1,
      1,
      0,
      0,
      0,
      1,
      1,
      0,
      0,
      1,
      0,
      1,
      0,
      1,
      0,
      1,
      1,
      0,
      0,
      1,
      0,
      1,
      0,
      0,
      0,
      1,
      0,
      0,
      0,
      1,
      0,
      1,
      1,
      0,
      0,
      0,
      1,
      0,
      1,
      0,
      0,
      0,
      1,
      0,
      1,
      0,
      1,
      1,
      1,
      1,
      0,
      1,
      0,
      0,
      0,
      0,
      1,
      0,
      1,
      1,
      1,
      1,
      0,
      1,
      1,
      0,
      1,
      0,
      1,
      1,
      0,
      0,
      1,
      1,
      0,
      1,
      0,
      1,
      1,
      1,
      1,
      0,
      1,
      1,
      1,
      1,
      0,
      1,
      1,
      0,
      0,
      1,
      1,
      1,
      1,
      0,
      1,
      1,
      1,
      1,
      1,
      1,
      1,
      0,
      0,
      1,
      0,
      0,
      0,
      0,
      0,
      1,
      0,
      0,
      0,
      1,
      0,
      0,
      1,
      0,
      1,
      0,
      0,
      0,
      1,
      1,
      0,
      1,
      1,
      1,
      0,
      0,
      0,
      0,
      0,
      1,
      0,
      1,
      0,
      0,
      1,
      1,
      1,
      0,
      1,
      0,
      1,
      1,
      0,
      1,
      0,
      1,
      0,
      0,
      0,
      0,
      1,
      1,
      1,
      1,
      1,
      1,
      1,
      1,
      1,
      0,
      0,
      1,
      1
    ],