{
  "model_type": "Transformer",
  "training_time": 0.0001399517059326172,
  "training_logs": {
    "epoch": [
      1,
      2,
      3,
      4,
      5,
      6,
      7,
      8,
      9,
      10,
      11,
      12,
      13,
      14,
      15,
      16,
      17,
      18,
      19,
      20
    ],
    "loss": [
      1.2398685661204496,
      1.0708459551176788,
      1.0837723410060758,
      0.9116649173889491,
      0.8670305415018447,
      0.81984152892195,
      0.6873718366825806,
      0.6410648357335805,
      0.5924865515479365,
      0.5432164717104225,
      0.5005991207994107,
      0.4648122399141881,
      0.48421542958754993,
      0.5309174939995115,
      0.4207953235355836,
      0.32507976244866854,
      0.32366061895572945,
      0.27572978427074546,
      0.2747518970315069,
      0.30781039293342016
    ],
    "accuracy": [
      0.5,
      0.5447518171952377,
      0.5876446046445413,
      0.6009788002060064,
      0.6097663769951644,
      0.642398982956456,
      0.6683145573204795,
      0.7203999794112971,
      0.732945673916415,
      0.7634523402246479,
      0.7932748074756283,
      0.7801112269120047,
      0.7751857762473098,
      0.8234412427899496,
      0.8189997993623748,
      0.8025359195346061,
      0.8510602958355284,
      0.8452893531372718,
      0.8597496112795466,
      0.8704974068203936
    ],
    "training_time": [
      2.3660057923931292,
      2.0780022669582623,
      2.0102963002637457,
      2.091707023298299,
      2.2159765624369028,
      2.0697500297675493,
      2.2280380915500464,
      2.257120318648334,
      2.303776717485143,
      2.0488391564447204,
      2.061034137792873,
      2.4546642541552357,
      2.155859352741971,
      2.0924312808786083,
      2.044249350467488,
      2.1356776153284764,
      2.1404703542852186,
      2.4011015898185484,
      2.002765111677646,
      2.3645104981592877
    ]
  },
  "evaluation_results": {
    "model_name": "Transformer Baseline",
    "accuracy": 0.88,
    "precision": 0.9,
    "recall": 0.8653846153846154,
    "f1_score": 0.8823529411764707,
    "true_positives": 90,
    "true_negatives": 86,
    "false_positives": 10,
    "false_negatives": 14,
    "energy_per_sample": 5.612668133496606,
    "avg_processing_time": 0.022450672533986422,
    "model_size_mb": 5.668952941894531,
    "total_parameters": 1486082,
    "predictions": [
      1,
      0,
      1,
      0,
      1,
      0,
      0,
      1,
      1,
      0,
      0,
      1,
      1,
      1,
      0,
      1,
      0,
      1,
      1,
      0,
      0,
      0,
      0,
      0,
      1,
      1,
      0,
      0,
      1,
      1,
      1,
      1,
      1,
      0,
      0,
      0,
      1,
      1,
      0,
      0,
      1,
      0,
      1,
      0,
      1,
      0,
      1,
      1,
      0,
      0,
      1,
      0,
      0,
      0,
      0,
      0,
      0,
      0,
      0,
      1,
      1,
      0,
      1,
      1,
      0,
      0,
      0,
      0,
      0,
      1,
      1,
      0,
      0,
      1,
      0,
      0,
      0,
      0,
      1,
      1,
      1,
      0,
      1,
      0,
      0,
      0,
      0,
      1,
      0,
      0,
      1,
      0,
      1,
      0,
      1,
      1,
      1,
      1,
      0,
      1,
      1,
      0,
      0,
      1,
      1,
      0,
      1,
      0,
      1,
      1,
      1,
      1,
      0,
      0,
      0,
      1,
      1,
      0,
      1,
      1,
      1,
      1,
      1,
      1,
      0,
      1,
      0,
      1,
      0,
      1,
      1,
      1,
      1,
      1,
      0,
      0,
      1,
      0,
      0,
      0,
      0,
      0,
      1,
      0,
      0,
      0,
      1,
      0,
      0,
      1,
      0,
      1,
      0,
      0,
      0,
      1,
      1,
      0,
      1,
      1,
      1,
      0,
      1,
      0,
      0,
      0,
      1,
      0,
      1,
      0,
      0,
      1,
      1,
      1,
      0,
      1,
      0,
      1,
      1,
      1,
      1,
      0,
      0,
      1,
      0,
      0,
      0,
      1,
      1,
      1,
      1,
      1,
      1,
      1,
      1,
      0,
      0,
      0,
      1,
      1
    ],
    "true_labels": [
      1,
      0,
      1,
      0,
      1,
      0,
      0,
      1,
      1,
      0,
      0,
      1,
      1,
      1,
      0,
      1,
      0,
      0,
      1,
      0,
      0,
      0,
      0,
      0,
      1,
      0,
      1,
      0,
      1,
      1,
      1,
      1,
      1,
      0,
      0,
      0,
      1,
      1,
      0,
      0,
      1,
      0,
      1,
      0,
      1,
      0,
      1,
      1,
      0,
      0,
      1,
      0,
      1,
      0,
      0,
      0,
      1,
      0,
      0,
      0,
      1,
      0,
      1,
      1,
      0,
      0,
      0,
      1,
      0,
      1,
      0,
      0,
      0,
      1,
      0,
      1,
      0,
      1,
      1,
      1,
      1,
      0,
      1,
      0,
      0,
      0,
      0,
      1,
      0,
      1,
      1,
      1,
      1,
      0,
      1,
      1,
      0,
      1,
      0,
      1,
      1,
      0,
      0,
      1,
      1,
      0,
      1,
      0,
      1,
      1,
      1,
      1,
      0,
      1,
      1,
      1,
      1,
      0,
      1,
      1,
      0,
      0,
      1,
      1,
      1,
      1,
      0,
      1,
      1,
      1,
      1,
      1,
      1,
      1,
      0,
      0,
      1,
      0,
      0,
      0,
      0,
      0,
      1,
      0,
      0,
      0,
      1,
      0,
      0,
      1,
      0,
      1,
      0,
      0,
      0,
      1,
      1,
      0,
      1,
      1,
      1,
      0,
      0,
      0,
      0,
      0,
      1,
      0,
      1,
      0,
      0,
      1,
      1,
      1,
      0,
      1,
      0,
      1,
      1,
      0,
      1,
      0,
      1,
      0,
      0,
      0,
      0,
      1,
      1,
      1,
      1,
      1,
      1,
      1,
      1,
      1,
      0,
      0,
      1,
      1
    ],