{
    "train_loss": [
        0.46167816407978535,
        0.4603095492348075,
        0.4601345341652632,
        0.4605781640857458,
        0.46025058906525373,
        0.46018053498119116,
        0.4604026563465595,
        0.4601637553423643,
        0.4603726137429476,
        0.46000136714428663,
        0.4603805188089609,
        0.4601757489144802,
        0.4601786946877837,
        0.46002429351210594,
        0.4599933233112097,
        0.4599921628832817,
        0.4600417222827673,
        0.4600075762718916,
        0.46027571614831686,
        0.45989029482007027
    ],
    "val_loss": [
        0.4604932854890823,
        0.45997264857292175,
        0.4598896711349487,
        0.4610880226373672,
        0.45988832929134366,
        0.4598242441654205,
        0.45999025213718414,
        0.4599056238174439,
        0.4600632150411606,
        0.45993520646095276,
        0.45999061541557307,
        0.4598966206550598,
        0.45985275888442995,
        0.45986287751197813,
        0.45985874242782593,
        0.4598501679897309,
        0.46061759543418884,
        0.45976445634365076,
        0.45986226980686185,
        0.45985752449035644
    ],
    "val_loss_cls": [
        0.6929786491394043,
        0.6932458004951477,
        0.6929914436340332,
        0.6932826414108276,
        0.6929999752044678,
        0.6929129762649536,
        0.6929471025466919,
        0.693056700706482,
        0.6929479627609253,
        0.6929983415603638,
        0.6929471707344055,
        0.6929515581130982,
        0.692954213142395,
        0.6929611587524414,
        0.6929635920524597,
        0.6929642553329468,
        0.6930161948204041,
        0.6931099042892456,
        0.6929606099128723,
        0.6929656701087952
    ],
    "val_loss_reg": [
        0.1117652400135994,
        0.11006292068958283,
        0.11023701238632203,
        0.11279609447717667,
        0.11022086042165756,
        0.11019114601612091,
        0.11055497652292251,
        0.11017900848388672,
        0.11073609346151352,
        0.11034050381183624,
        0.11055578243732453,
        0.11031421446800233,
        0.1102005774974823,
        0.11021545565128327,
        0.11020146799087524,
        0.11017903697490693,
        0.11201969635486603,
        0.10974628442525863,
        0.11021475964784622,
        0.11019530606269837
    ],
    "val_loss_phys": [
        0.0,
        0.0,
        0.0,
        0.0,
        0.0,
        0.0,
        0.0,
        0.0,
        0.0,
        0.0,
        0.0,
        0.0,
        0.0,
        0.0,
        0.0,
        0.0,
        0.0,
        0.0,
        0.0,
        0.0
    ],
    "val_accuracy": [
        0.51,
        0.51,
        0.51,
        0.51,
        0.51,
        0.51,
        0.51,
        0.51,
        0.51,
        0.51,
        0.51,
        0.51,
        0.51,
        0.51,
        0.51,
        0.51,
        0.51,
        0.51,
        0.51,
        0.51
    ],
    "val_balanced_accuracy": [
        0.5,
        0.5,
        0.5,
        0.5,
        0.5,
        0.5,
        0.5,
        0.5,
        0.5,
        0.5,
        0.5,
        0.5,
        0.5,
        0.5,
        0.5,
        0.5,
        0.5,
        0.5,
        0.5,
        0.5
    ],
    "val_precision": [
        0.51,
        0.51,
        0.51,
        0.51,
        0.51,
        0.51,
        0.51,
        0.51,
        0.51,
        0.51,
        0.51,
        0.51,
        0.51,
        0.51,
        0.51,
        0.51,
        0.51,
        0.51,
        0.51,
        0.51
    ],
    "val_recall": [
        1.0,
        1.0,
        1.0,
        1.0,
        1.0,
        1.0,
        1.0,
        1.0,
        1.0,
        1.0,
        1.0,
        1.0,
        1.0,
        1.0,
        1.0,
        1.0,
        1.0,
        1.0,
        1.0,
        1.0
    ],
    "val_f1": [
        0.6754966887417219,
        0.6754966887417219,
        0.6754966887417219,
        0.6754966887417219,
        0.6754966887417219,
        0.6754966887417219,
        0.6754966887417219,
        0.6754966887417219,
        0.6754966887417219,
        0.6754966887417219,
        0.6754966887417219,
        0.6754966887417219,
        0.6754966887417219,
        0.6754966887417219,
        0.6754966887417219,
        0.6754966887417219,
        0.6754966887417219,
        0.6754966887417219,
        0.6754966887417219,
        0.6754966887417219
    ],
    "val_auc": [
        0.5,
        0.4891256502601041,
        0.5005102040816327,
        0.49731442577030815,
        0.5,
        0.5399799919967987,
        0.5,
        0.48488395358143255,
        0.5,
        0.49183673469387756,
        0.5,
        0.49950980392156863,
        0.5,
        0.5,
        0.5,
        0.49950980392156863,
        0.4924169667867147,
        0.4700680272108844,
        0.5,
        0.49756902761104443
    ],
    "val_mse": [
        0.11176523566246033,
        0.11006291955709457,
        0.1102370023727417,
        0.11279609054327011,
        0.11022085696458817,
        0.11019114404916763,
        0.11055498570203781,
        0.11017901450395584,
        0.11073608696460724,
        0.11034050583839417,
        0.11055578291416168,
        0.11031422019004822,
        0.11020056158304214,
        0.11021546274423599,
        0.11020146310329437,
        0.11017903685569763,
        0.11201968789100647,
        0.1097462847828865,
        0.11021476238965988,
        0.11019530147314072
    ],
    "val_firing_rate": [
        0.003125,
        0.00310359375,
        0.00343765625,
        0.00308015625,
        0.003125,
        0.00273625,
        0.0025,
        0.00244359375,
        0.0025,
        0.002481875,
        0.0025,
        0.00250015625,
        0.0025,
        0.0025,
        0.0025,
        0.00250015625,
        0.0021940625,
        0.002735625,
        0.0025,
        0.00250109375
    ]
}