{
    "train_loss": [
        0.7715418281555175,
        0.4601909217834473,
        0.4602754085063934,
        0.4603408439159393,
        0.4604552984237671,
        0.46050802755355835,
        0.4606078872680664,
        0.46048178935050965,
        0.4603611960411072,
        0.4603004059791565,
        0.4605042116641998,
        0.4604352564811707,
        0.4603634078502655,
        0.46033570885658265,
        0.46081836223602296,
        0.4603899233341217,
        0.46049749898910525,
        0.46040292239189146,
        0.46116933035850527,
        0.4604651918411255,
        0.46046518325805663,
        0.460516542673111,
        0.46072048020362855,
        0.46071943211555483,
        0.46062840938568117,
        0.4607078831195831,
        0.4606569802761078,
        0.4605792472362518,
        0.4605540750026703,
        0.4605328316688538,
        0.46034164643287656,
        0.4603153417110443,
        0.460331032037735,
        0.46050956964492795,
        0.46090385913848875,
        0.4607373208999634,
        0.46047600245475767,
        0.46054630064964297,
        0.46065901923179625,
        0.4605183951854706,
        0.46061483502388,
        0.4607376787662506,
        0.46064325952529905,
        0.4604638211727142,
        0.46043818259239194,
        0.4604702413082123,
        0.46031682801246643,
        0.46045801758766175,
        0.46034110713005066,
        0.46051918745040893
    ],
    "val_loss": [
        0.4600315597057342,
        0.46085532746315006,
        0.460029036617279,
        0.46028019938468934,
        0.46035675880908966,
        0.4600089848518371,
        0.4604409547328949,
        0.46000985884666445,
        0.46009052760601044,
        0.4601685574531555,
        0.463114007472992,
        0.4600295766592026,
        0.45999376931190494,
        0.45999225039482117,
        0.4608161944627761,
        0.4599959192752838,
        0.45999847834110263,
        0.45999590156078335,
        0.46041735355854035,
        0.4607202558994293,
        0.46012224488258363,
        0.4605982618331909,
        0.46055987439155577,
        0.46041189544200894,
        0.4614099125385284,
        0.4605991213798523,
        0.4602073850631714,
        0.46006826882362367,
        0.4613033403396607,
        0.46001447775363924,
        0.46000011482238773,
        0.46164960296154023,
        0.4613517341613769,
        0.4618188513994217,
        0.46008113174438475,
        0.46000584092140195,
        0.4600625034332275,
        0.45999275832176206,
        0.4600087797880173,
        0.46053701643943784,
        0.46031351087093353,
        0.4602456303834915,
        0.4600620186328888,
        0.46002822861671444,
        0.4602232035636902,
        0.4600089708805084,
        0.4600208369731903,
        0.4600016279220581,
        0.46057632322311404,
        0.4602436392784119
    ],
    "val_loss_cls": [
        0.693175121307373,
        0.6943364372253418,
        0.6932059049606323,
        0.6935815496444702,
        0.6934439339637757,
        0.69316490650177,
        0.6937589659690857,
        0.6931739282608033,
        0.6932953195571899,
        0.6933948192596435,
        0.69326988697052,
        0.69319633436203,
        0.6931454839706421,
        0.6931458692550659,
        0.6931373596191406,
        0.6931505188941955,
        0.6931554670333863,
        0.6931533460617065,
        0.693203242301941,
        0.6932364435195922,
        0.6932478332519532,
        0.6931361265182495,
        0.6932184872627258,
        0.6932356491088867,
        0.6937967901229858,
        0.6934275121688843,
        0.6932360820770264,
        0.6931486630439758,
        0.6934346780776978,
        0.6931595182418824,
        0.693157114982605,
        0.6933212218284607,
        0.6933156676292419,
        0.6931780881881714,
        0.6932690696716308,
        0.6931619052886963,
        0.6931678099632264,
        0.6931465888023376,
        0.6931549577713013,
        0.6932579717636108,
        0.6931559019088745,
        0.6931475849151612,
        0.6932134008407593,
        0.6931941542625427,
        0.693126124382019,
        0.6931611766815186,
        0.6931596946716309,
        0.6931589183807373,
        0.6931180019378662,
        0.6931523046493531
    ],
    "val_loss_reg": [
        0.11031621730327607,
        0.11063366281986237,
        0.11026373410224914,
        0.110328173995018,
        0.1107259960770607,
        0.11027510237693787,
        0.1104639378786087,
        0.11026375472545624,
        0.11028333967924119,
        0.11032916474342346,
        0.11788018822669982,
        0.1102794401049614,
        0.11026619732379914,
        0.11026182210445404,
        0.11233444672822952,
        0.1102640198469162,
        0.11026299530267715,
        0.11025973480939866,
        0.11123852044343949,
        0.11194597446918488,
        0.11043386232852936,
        0.11179146480560302,
        0.11157195508480072,
        0.11117626494169235,
        0.11282959616184235,
        0.11135653519630433,
        0.11066433954238891,
        0.11044767749309539,
        0.11310633373260498,
        0.11029691702127456,
        0.11026461458206177,
        0.11414217466115952,
        0.11340583395957947,
        0.11477999621629716,
        0.11029922485351562,
        0.11027174437046051,
        0.11040454363822937,
        0.11026201260089874,
        0.11028951281309128,
        0.11145558345317841,
        0.11104992431402207,
        0.11089269858598709,
        0.11033494532108307,
        0.11027934014797211,
        0.1108688223361969,
        0.11028066217899322,
        0.11031255042552948,
        0.1102656922340393,
        0.11176380515098572,
        0.11088064122200013
    ],
    "val_loss_phys": [
        0.0,
        0.0,
        0.0,
        0.0,
        0.0,
        0.0,
        0.0,
        0.0,
        0.0,
        0.0,
        0.0,
        0.0,
        0.0,
        0.0,
        0.0,
        0.0,
        0.0,
        0.0,
        0.0,
        0.0,
        0.0,
        0.0,
        0.0,
        0.0,
        0.0,
        0.0,
        0.0,
        0.0,
        0.0,
        0.0,
        0.0,
        0.0,
        0.0,
        0.0,
        0.0,
        0.0,
        0.0,
        0.0,
        0.0,
        0.0,
        0.0,
        0.0,
        0.0,
        0.0,
        0.0,
        0.0,
        0.0,
        0.0,
        0.0,
        0.0
    ],
    "val_accuracy": [
        0.499,
        0.499,
        0.501,
        0.501,
        0.499,
        0.501,
        0.501,
        0.501,
        0.499,
        0.499,
        0.501,
        0.501,
        0.501,
        0.501,
        0.501,
        0.501,
        0.501,
        0.501,
        0.499,
        0.501,
        0.499,
        0.501,
        0.499,
        0.499,
        0.499,
        0.501,
        0.501,
        0.501,
        0.501,
        0.501,
        0.499,
        0.494,
        0.501,
        0.501,
        0.499,
        0.501,
        0.501,
        0.501,
        0.501,
        0.499,
        0.4995,
        0.501,
        0.499,
        0.499,
        0.499,
        0.501,
        0.499,
        0.501,
        0.5035,
        0.499
    ],
    "val_balanced_accuracy": [
        0.5,
        0.5,
        0.5,
        0.5,
        0.5,
        0.5,
        0.5,
        0.5,
        0.5,
        0.5,
        0.5,
        0.5,
        0.5,
        0.5,
        0.5,
        0.5,
        0.5,
        0.5,
        0.5,
        0.5,
        0.5,
        0.5,
        0.5,
        0.5,
        0.5,
        0.5,
        0.5,
        0.5,
        0.5,
        0.5,
        0.5,
        0.494687978751915,
        0.5,
        0.5,
        0.5,
        0.5,
        0.5,
        0.5,
        0.5,
        0.5,
        0.500493001972008,
        0.5,
        0.5,
        0.5,
        0.5,
        0.5,
        0.5,
        0.5,
        0.5041510166040665,
        0.5
    ],