{
  "epoch": [
    1,
    2,
    3,
    4,
    5,
    6,
    7,
    8,
    9,
    10
  ],
  "loss": [
    0.7005006191134453,
    0.6966009920835495,
    0.6931471824645996,
    0.6931471824645996,
    0.6931471824645996,
    0.6931471824645996,
    0.6931471824645996,
    0.6931471824645996,
    0.6931234657764435,
    0.6930574053525924
  ],
  "accuracy": [
    0.54,
    0.45,
    0.52,
    0.52,
    0.52,
    0.52,
    0.52,
    0.52,
    0.52,
    0.52
  ],
  "training_time": [
    2.824173927307129,
    5.44029688835144,
    8.021988153457642,
    10.516613006591797,
    13.15907621383667,
    15.741758823394775,
    18.25780701637268,
    20.84840416908264,
    23.479875087738037,
    25.773300886154175
  ],
  "interference_count": [
    0,
    0,
    0,
    0,
    0,
    0,
    0,
    0,
    0,
    0
  ],
  "memory_utilization": [
    200,
    400,
    600,
    800,
    1000,
    1200,
    1400,
    1600,
    1800,
    2000
  ]
}